Rank,Paper,PageRank
1,10.1007/s10458-019-09421-1,0.0063325443592859
2,10.3844/ajeassp.2018.1310.1319,0.00605734658994428
3,10.3844/ajeassp.2018.1320.1331,0.00605734658994428
4,10.22331/q-2021-06-29-483,0.00512598867254536
5,10.1103/PhysRevApplied.16.054035,0.00475650686220648
6,10.1007/s42484-021-00047-9,0.00411286416426457
7,10.1103/PhysRevA.100.052327,0.00389530114428309
8,10.1109/TSP.2020.3026980,0.0038858957121973
9,10.1371/journal.pone.0142390,0.00379416312241663
10,10.7717/peerj-cs.26,0.00379416312241663
11,10.1109/TSP.2019.2955832,0.00370243053263595
12,10.1109/ICASSP.2019.8682510,0.00345667111632359
13,10.1109/ICASSP.2019.8683486,0.00311302567836353
14,10.1109/TCYB.2020.2977374,0.00309076837086399
15,10.1016/j.artint.2019.103216,0.00309076837086399
16,10.1109/ICASSP.2019.8683438,0.00270181167889468
17,10.1109/TIT.2011.2104670,0.00266257138865298
18,10.1109/ISIT.2010.5513384,0.00266257138865298
19,10.1109/TSP.2016.2537271,0.00266257138865298
20,10.1109/TSP.2016.2537261,0.00266257138865298
21,10.1109/TAC.2018.2813009,0.00266257138865298
22,10.1137/17M1115770,0.00266257138865298
23,10.1109/TG.2018.2808201,0.00266257138865298
24,10.3390/e20030155,0.00266257138865298
25,10.1109/CDC.2017.8263743,0.00266257138865298
26,10.1103/PhysRevD.97.101501,0.00266257138865298
27,10.1109/ICASSP.2019.8683061,0.00266257138865298
28,10.1109/ICSC.2018.00029,0.00266257138865298
29,10.1109/ICSC.2018.00059,0.00266257138865298
30,10.1109/TSP.2018.2853130,0.00266257138865298
31,10.1109/TSP.2018.2885478,0.00266257138865298
32,10.3982/ECTA16901,0.00266257138865298
33,10.1093/mnras/stz575,0.00266257138865298
34,10.1093/mnras/stz602,0.00266257138865298
35,10.1080/01621459.2020.1745812,0.00266257138865298
36,10.1109/ICOSC.2019.8665646,0.00266257138865298
37,10.1109/ICOSC.2019.8665546,0.00266257138865298
38,10.1109/IJCNN.2019.8852316,0.00266257138865298
39,10.1109/IJCNN.2019.8851936,0.00266257138865298
40,10.1016/j.cirpj.2019.11.003,0.00266257138865298
41,10.1007/s00170-021-08242-5,0.00266257138865298
42,10.1007/s11307-020-01487-8,0.00266257138865298
43,10.1016/j.wneu.2019.08.232,0.00266257138865298
44,10.1080/17517575.2019.1633689,0.00266257138865298
45,10.1145/3337065,0.00266257138865298
46,10.1109/TNET.2020.3035770,0.00266257138865298
47,10.1109/TWC.2020.2971981,0.00266257138865298
48,10.1016/j.neucom.2021.02.027,0.00266257138865298
49,10.1109/IJCNN48605.2020.9207161,0.00266257138865298
50,10.1109/TITS.2020.3006768,0.00266257138865298
51,10.1109/ICPR48806.2021.9412422,0.00266257138865298
52,10.1109/TITS.2020.3006767,0.00266257138865298
53,10.15837/ijccc.2020.2.3868,0.00266257138865298
54,10.15837/ijccc.2019.2.3514,0.00266257138865298
55,10.1109/TIP.2021.3118978,0.00266257138865298
56,10.1109/TIV.2020.3033878,0.00266257138865298
57,10.1109/LRA.2020.2994027,0.00266257138865298
58,10.1016/j.cstp.2019.02.011,0.00266257138865298
59,10.1109/MTITS.2017.8005700,0.00266257138865298
60,10.3390/ijerph18115780,0.00266257138865298
61,10.1016/j.compbiomed.2021.104949,0.00266257138865298
62,10.1088/2632-2153/abda61,0.00266257138865298
63,10.1103/PhysRevD.103.126014,0.00266257138865298
64,10.1038/s41598-021-01445-6,0.00266257138865298
65,10.1038/s41598-021-89461-4,0.00266257138865298
66,10.1145/3400302.3415698,0.00266257138865298
67,10.1109/TSP.2020.2993164,0.00266257138865298
68,10.1145/3372224.3419194,0.00266257138865298
69,10.1109/LSP.2020.3016837,0.00266257138865298
70,10.1109/TUFFC.2021.3131383,0.00266257138865298
71,10.1109/TMI.2020.3046700,0.00266257138865298
72,10.1016/j.physrep.2019.03.001,0.00254942677037164
73,10.1209/0295-5075/119/60001,0.00233357466353674
74,10.1109/JPROC.2015.2474704,0.00217983116640192
75,10.1007/s00521-016-2269-9,0.00192237956127956
76,10.1145/3172944.3172989,0.00188007295339357
77,10.1088/1751-8121/ab4c8b,0.00170312924834667
78,10.1007/978-3-319-44781-0_11,0.00165800952146536
79,10.1109/ICIP.2017.8296573,0.00163141488820277
80,10.1103/PhysRevLett.128.180505,0.00160849505908305
81,10.1109/LSP.2015.2463232,0.0015960544135978
82,10.1109/ICMLA.2017.0-158,0.00157992910143384
83,10.1103/PhysRevE.100.012115,0.00153381222412137
84,10.1088/1742-5468/ab633c,0.00153381222412137
85,10.1109/TPAMI.2018.2824309,0.0014995788184688
86,10.1109/TIP.2015.2478396,0.00149555645911787
87,10.1109/TSP.2017.2749206,0.00145862054376419
88,10.1016/j.patcog.2018.07.037,0.00145778004502542
89,10.1103/PhysRevLett.128.070501,0.00142247842830552
90,10.1088/2058-9565/ab4eb5,0.00142043620093758
91,10.1109/TCI.2018.2840334,0.00139593751321787
92,10.1007/978-3-319-69266-1_5,0.00139236643397836
93,10.1038/s41592-019-0622-5,0.00139236643397836
94,10.1016/j.jcp.2020.109309,0.00139236643397836
95,10.1016/j.neunet.2015.07.011,0.00139236643397835
96,10.1109/ICASSP.2019.8682488,0.00137877708103035
97,10.1088/0004-637X/793/1/23,0.00136690549192484
98,10.1109/IOLTS.2019.8854377,0.00136690549192484
99,10.1109/TNNLS.2020.2978386,0.00136690549192484
100,10.7566/JPSJ.84.054801,0.00135608459240727
101,10.1109/TNNLS.2015.2487364,0.00132581654996689
102,10.1103/PhysRevLett.120.066401,0.00131598360781781
103,10.1142/S021902572150020X,0.00131598360781781
104,10.1103/PhysRevE.97.022310,0.0012947660083761
105,10.1109/TNNLS.2017.2750321,0.00129434180878266
106,10.1109/ITSC.2019.8916878,0.00129434180878266
107,10.1093/bioinformatics/bty257,0.00129150937767257
108,10.1080/1350486X.2022.2030773,0.00127662508759055
109,10.1109/TIT.2016.2556702,0.00123677159112183
110,10.1007/s10489-022-04370-x,0.00123048270844132
111,10.1613/jair.1.13225,0.00123048270844132
112,10.1016/j.eswa.2015.03.007,0.00115674065922242
113,10.1109/LSP.2016.2574327,0.00115674065922242
114,10.1007/s10994-019-05856-5,0.00115674065922242
115,10.1145/3308558.3313668,0.00115674065922242
116,10.1002/mrm.28378,0.00115674065922242
117,10.1137/140994915,0.00110371433169403
118,10.1109/TSP.2018.2846226,0.00109273953648695
119,10.1109/ICDMW.2017.116,0.00109249262402434
120,10.1109/JSTSP.2012.2234082,0.00107834755772986
121,10.1016/j.neucom.2016.12.087,0.00107834755772986
122,10.1007/s42985-021-00100-z,0.00107834755772986
123,10.1109/TASLP.2016.2541299,0.00107834755772986
124,10.1109/TSP.2018.2835384,0.00107834755772986
125,10.1109/CDC.2017.8264429,0.00107834755772986
126,10.1109/LSP.2017.2741509,0.00107834755772986
127,10.1016/j.neucom.2018.02.011,0.00107834755772986
128,10.1109/TNNLS.2016.2551748,0.00107834755772986
129,10.1007/978-3-030-30493-5_63,0.00107834755772986
130,10.1016/j.jcp.2019.05.053,0.00107834755772986
131,10.1016/j.trb.2020.08.006,0.00107834755772986
132,10.1109/ICASSP40776.2020.9053985,0.00107834755772986
133,10.1088/2632-072X/abaa2b,0.00107834755772986
134,10.1038/s42254-020-0230-4,0.00107834755772986
135,10.1007/s11431-020-1647-3,0.00107834755772986
136,10.1109/LRA.2020.2982059,0.00107834755772986
137,10.1016/j.physd.2021.132911,0.00107834755772986
138,10.1186/s12859-021-04437-5,0.00107834755772986
139,10.1145/3484491,0.00107834755772986
140,10.1007/s00521-020-05494-2,0.00107834755772986
141,10.1038/s41467-021-23103-1,0.00107834755772986
142,10.1016/j.trc.2018.08.007,0.00105288661567635
143,10.1109/TIP.2015.2495116,0.00105288661567635
144,10.1007/s10472-014-9419-5,0.00105288661567635
145,10.1016/j.neunet.2020.08.013,0.00105288661567635
146,10.1007/s12559-017-9450-z,0.00105288661567635
147,10.1007/978-3-319-70581-1_17,0.00105288661567635
148,10.1109/ICIT.2019.8755032,0.00105288661567635
149,10.1002/widm.1245,0.00105288661567635
150,10.22331/q-2019-12-16-215,0.00105288661567635
151,10.1109/TMECH.2020.2971503,0.00105288661567635
152,10.1007/s10618-013-0327-9,0.00105288661567635
153,10.1371/journal.pone.0233382,0.00105288661567635
154,10.1016/j.neunet.2020.12.023,0.00105288661567635
155,10.2478/amcs-2019-0028,0.00102742567362284
156,10.1109/TSP.2015.2500889,0.00102742567362284
157,10.1109/PRNI.2016.7552331,0.00102742567362284
158,10.1007/978-3-030-02520-5_11,0.00102742567362284
159,10.1016/j.neunet.2019.09.039,0.00102742567362284
160,10.1145/3320496.3320500,0.00102742567362284
161,10.1038/s41597-019-0235-y,0.00102742567362284
162,10.1109/TSP.2023.3267992,0.00102742567362284
163,10.1038/s41598-020-65261-0,0.00102742567362284
164,10.1145/3469029,0.00102742567362284
165,10.1109/ICMLA.2019.00301,0.00102742567362284
166,10.1109/JSAC.2020.3036951,0.00102742567362284
167,10.1109/ICCC.2019.00026,0.00102742567362284
168,10.1016/j.inffus.2021.11.008,0.00102742567362284
169,10.1002/ima.22527,0.00102742567362284
170,10.1145/3569928,0.00102742567362284
171,10.1109/PRIA.2019.8785979,0.000989787765471292
172,10.1103/PhysRevX.8.041006,0.000980747132127617
173,10.1109/ACCESS.2017.2676166,0.000948213656926869
174,10.1109/TCYB.2020.2983962,0.000948213656926869
175,10.1016/j.jcp.2020.109278,0.000943192242883744
176,10.1016/j.neucom.2012.10.030,0.000938508442398961
177,10.1109/IJCNN.2012.6252818,0.000938508442398961
178,10.1109/LSP.2017.2757901,0.000922478839135824
179,10.1109/TSP.2015.2401536,0.000908607648578883
180,10.1007/s10994-016-5546-z,0.000908607648578883
181,10.1016/j.neucom.2019.06.070,0.000908607648578883
182,10.1103/PhysRevE.98.022116,0.000908607648578883
183,10.1103/PhysRevLett.124.108301,0.000908607648578883
184,10.3389/fnins.2019.00753,0.000908607648578883
185,10.1088/1751-8121/ab8244,0.000908607648578883
186,10.1117/12.2529984,0.000908607648578883
187,10.1016/j.jcp.2019.108925,0.000900120667894379
188,10.4467/20838476SI.14.005.3022,0.000891002890139329
189,10.1109/TKDE.2016.2563436,0.000891002890139329
190,10.1016/j.artint.2021.103458,0.000891002890139329
191,10.1145/3308558.3313660,0.000891002890139329
192,10.1109/JSTSP.2020.3003170,0.000891002890139329
193,10.4467/20838476SI.15.012.3034,0.000891002890139329
194,10.1109/TSP.2017.2781642,0.000891002890139329
195,10.1109/TCI.2020.3019647,0.000891002890139329
196,10.1109/TASLP.2015.2501724,0.00088314670652537
197,10.23919/IRS.2019.8768169,0.00088314670652537
198,10.1016/j.mlwa.2021.100088,0.00088314670652537
199,10.1073/pnas.1903070116,0.000881941560510987
200,10.1109/ICCCNT.2018.8494011,0.000867159604795084
201,10.1109/RECONFIG.2018.8641739,0.000867159604795084
202,10.1109/TSP.2015.2500192,0.000857685764471856
203,10.1109/ISIT.2013.6620308,0.000852027678861888
204,10.1109/ICDM.2017.125,0.000843540698177384
205,10.1109/TEVC.2013.2285111,0.00083505371749288
206,10.1007/s10489-019-01421-8,0.000828851159157524
207,10.1109/TSP.2015.2391071,0.000823737694003391
208,10.1029/2018WR023528,0.000823737694003391
209,10.1109/TSP.2017.2781649,0.000817093416391738
210,10.1038/s41534-020-00288-9,0.000801844981413089
211,10.1103/PhysRevLett.128.110501,0.000801844981413089
212,10.1109/TSP.2017.2649482,0.000785546280923121
213,10.1093/imaiai/iax012,0.000785546280923121
214,10.1007/s11425-019-9547-2,0.000781939314417264
215,10.1007/s10994-017-5651-7,0.000741841168109451
216,10.1109/TNNLS.2014.2333876,0.000738867739427899
217,10.1109/IJCNN.2014.6889449,0.000738867739427899
218,10.1109/MCI.2014.2326100,0.000738867739427899
219,10.1016/j.neuroimage.2015.01.036,0.000738867739427899
220,10.1109/TCI.2017.2697206,0.000738867739427899
221,10.3390/e19030122,0.000738867739427899
222,10.1016/j.ins.2017.11.050,0.000738867739427899
223,10.1145/3097983.3098184,0.000738867739427899
224,10.1109/IOLTS.2019.8854425,0.000738867739427899
225,10.1109/TCYB.2019.2932096,0.000738867739427899
226,10.1109/JPROC.2019.2936204,0.000738867739427899
227,10.1016/j.automatica.2020.109127,0.000738867739427899
228,10.1088/2632-2153/ab81e2,0.000738867739427899
229,10.1109/COMST.2020.2970550,0.000738867739427899
230,10.1007/978-3-030-46150-8_43,0.000738867739427899
231,10.1109/6GSUMMIT49458.2020.9083856,0.000738867739427899
232,10.1109/ASONAM.2018.8508763,0.000738867739427899
233,10.1109/JPROC.2021.3060483,0.000738867739427899
234,10.1007/978-3-030-59719-1_52,0.000738867739427899
235,10.1145/3474838,0.000738867739427899
236,10.1109/TAC.2016.2525928,0.000738867739427899
237,10.1143/JPSJ.77.094801,0.000738867739427899
238,10.1007/978-3-642-01805-3_4,0.000738867739427899
239,10.1613/jair.3313,0.000738867739427899
240,10.1007/s12065-011-0052-5,0.000738867739427899
241,10.1016/j.jmp.2012.11.002,0.000738867739427899
242,10.1088/1742-6596/233/1/012014,0.000738867739427899
243,10.1109/TSP.2011.2165211,0.000738867739427899
244,10.1017/S1473550413000372,0.000738867739427899
245,10.1088/1751-8113/46/37/375002,0.000738867739427899
246,10.1109/TSP.2012.2226165,0.000738867739427899
247,10.1007/978-3-319-57454-7_53,0.000738867739427899
248,10.1109/TSP.2013.2272925,0.000738867739427899
249,10.1109/ICASSP.2014.6854029,0.000738867739427899
250,10.1109/TWC.2013.092413.130221,0.000738867739427899
251,10.1007/978-3-642-23780-5_34,0.000738867739427899
252,10.1214/12-AOS1070,0.000738867739427899
253,10.1103/PhysRevE.88.012815,0.000738867739427899
254,10.1109/TKDE.2015.2492565,0.000738867739427899
255,10.1214/14-AOS1218,0.000738867739427899
256,10.1371/journal.pone.0132945,0.000738867739427899
257,10.1109/TIP.2015.2496275,0.000738867739427899
258,10.1016/j.robot.2012.05.008,0.000738867739427899
259,10.3150/14-BEJ679,0.000738867739427899
260,10.1109/TSP.2015.2405503,0.000738867739427899
261,10.3150/15-BEJ703,0.000738867739427899
262,10.5121/ijscai.2014.3102,0.000738867739427899
263,10.1103/PhysRevX.6.031005,0.000738867739427899
264,10.1109/TNSRE.2014.2319334,0.000738867739427899
265,10.1073/pnas.1508400112,0.000738867739427899
266,10.1109/TSP.2015.2417491,0.000738867739427899
267,10.1038/nature14422,0.000738867739427899
268,10.1214/15-AOAS887,0.000738867739427899
269,10.1109/TSP.2014.2329274,0.000738867739427899
270,10.1109/CIVEMSA.2013.6617400,0.000738867739427899
271,10.1109/JSTSP.2014.2370942,0.000738867739427899
272,10.1109/JSTSP.2015.2396477,0.000738867739427899
273,10.1109/TSG.2015.2469098,0.000738867739427899
274,10.14569/IJARAI.2014.030101,0.000738867739427899
275,10.1371/journal.pone.0148655,0.000738867739427899
276,10.1613/jair.3879,0.000738867739427899
277,10.1145/2792838.2800174,0.000738867739427899
278,10.1109/TSP.2015.2472372,0.000738867739427899
279,10.5120/13376-0987,0.000738867739427899
280,10.1007/978-3-319-07176-3_6,0.000738867739427899
281,10.1088/1742-5468/2015/08/P08008,0.000738867739427899
282,10.1109/TFUZZ.2015.2505330,0.000738867739427899
283,10.1109/TSP.2015.2442960,0.000738867739427899
284,10.1093/mnras/stv632,0.000738867739427899
285,10.1016/j.eswa.2016.02.026,0.000738867739427899
286,10.1109/TITB.2012.2227271,0.000738867739427899
287,10.1109/TPAMI.2017.2772235,0.000738867739427899
288,10.14569/IJACSA.2015.060313,0.000738867739427899
289,10.1016/j.eswa.2014.04.032,0.000738867739427899
290,10.1109/LSP.2015.2460737,0.000738867739427899
291,10.1016/j.neucom.2013.02.019,0.000738867739427899
292,10.1109/TNNLS.2017.2705694,0.000738867739427899
293,10.1109/TSP.2016.2557301,0.000738867739427899
294,10.1109/TCYB.2016.2601438,0.000738867739427899
295,10.1109/SSP.2018.8450698,0.000738867739427899
296,10.1109/ICDM.2015.15,0.000738867739427899
297,10.1109/TETC.2015.2496504,0.000738867739427899
298,10.1371/journal.pone.0178161,0.000738867739427899
299,10.12743/quanta.v7i1.65,0.000738867739427899
300,10.1098/rspa.2017.0551,0.000738867739427899
301,10.1007/s10994-017-5678-9,0.000738867739427899
302,10.1109/TSP.2018.2841822,0.000738867739427899
303,10.1109/IJCNN.2017.7965902,0.000738867739427899
304,10.1016/j.acha.2018.12.002,0.000738867739427899
305,10.1109/ICASSP.2017.7953161,0.000738867739427899
306,10.1088/1742-6596/1036/1/012015,0.000738867739427899
307,10.1103/PhysRevLett.117.130501,0.000738867739427899
308,10.1109/TNNLS.2018.2804443,0.000738867739427899
309,10.24963/ijcai.2017/226,0.000738867739427899
310,10.3390/axioms8040106,0.000738867739427899
311,10.1109/JSTSP.2018.2838549,0.000738867739427899
312,10.1145/3299869.3300070,0.000738867739427899
313,10.1109/TGRS.2016.2585201,0.000738867739427899
314,10.1088/1748-0221/12/05/T05005,0.000738867739427899
315,10.4204/EPTCS.251.17,0.000738867739427899
316,10.1109/LSP.2017.2657381,0.000738867739427899
317,10.2196/mhealth.6562,0.000738867739427899
318,10.1016/j.patrec.2021.05.005,0.000738867739427899
319,10.1088/1751-8121/aaa631,0.000738867739427899
320,10.1109/TIT.2017.2723898,0.000738867739427899
321,10.1016/j.compbiolchem.2018.01.009,0.000738867739427899
322,10.1109/ICDMW.2017.149,0.000738867739427899
323,10.1109/JBHI.2016.2636456,0.000738867739427899
324,10.1016/j.ijar.2016.07.007,0.000738867739427899
325,10.1109/TIP.2017.2703101,0.000738867739427899
326,10.1016/j.neunet.2017.07.014,0.000738867739427899
327,10.1088/1742-6596/898/7/072021,0.000738867739427899
328,10.1109/TCYB.2016.2623638,0.000738867739427899
329,10.1038/nature25978,0.000738867739427899
330,10.1016/j.engappai.2018.06.012,0.000738867739427899
331,10.1109/TSP.2017.2712120,0.000738867739427899
332,10.1007/s10994-018-5730-4,0.000738867739427899
333,10.1007/s42979-020-0071-3,0.000738867739427899
334,10.17743/aesconf.2017.978-1-942220-15-2,0.000738867739427899
335,10.1561/2200000067,0.000738867739427899
336,10.1162/neco_a_01086,0.000738867739427899
337,10.1007/s00500-020-04906-8,0.000738867739427899
338,10.1007/978-3-319-71273-4_9,0.000738867739427899
339,10.18637/jss.v091.i11,0.000738867739427899
340,10.1016/j.neucom.2018.07.089,0.000738867739427899
341,10.1109/ICMLA.2017.00-68,0.000738867739427899
342,10.1145/2983323.2983677,0.000738867739427899
343,10.1109/SSCI.2017.8280935,0.000738867739427899
344,10.1016/j.patcog.2018.06.004,0.000738867739427899
345,10.1117/12.2228794,0.000738867739427899
346,10.1145/3240925.3240937,0.000738867739427899
347,10.1145/3072959.3073643,0.000738867739427899
348,10.1002/qute.201800076,0.000738867739427899
349,10.1145/3195258.3195260,0.000738867739427899
350,10.1109/TCBB.2019.2918774,0.000738867739427899
351,10.1016/j.patrec.2018.01.012,0.000738867739427899
352,10.1088/1742-5468/aac910,0.000738867739427899
353,10.1109/TSP.2018.2885494,0.000738867739427899
354,10.1016/j.heliyon.2020.e03444,0.000738867739427899
355,10.1016/j.ins.2019.02.017,0.000738867739427899
356,10.1093/bioinformatics/btz027,0.000738867739427899
357,10.1007/s10489-019-01450-3,0.000738867739427899
358,10.1088/1361-6579/aaf34d,0.000738867739427899
359,10.1007/s00180-020-00987-z,0.000738867739427899
360,10.1155/2018/8983590,0.000738867739427899
361,10.1109/TIP.2019.2937734,0.000738867739427899
362,10.1109/JPROC.2018.2853141,0.000738867739427899
363,10.1145/3269206.3271677,0.000738867739427899
364,10.1162/neco_a_01099,0.000738867739427899
365,10.1145/3269206.3271684,0.000738867739427899
366,10.1109/ACCESS.2019.2941088,0.000738867739427899
367,10.1109/TNNLS.2019.2927301,0.000738867739427899
368,10.6084/m9.figshare.6993308,0.000738867739427899
369,10.1109/TPAMI.2020.2998120,0.000738867739427899
370,10.1016/j.neunet.2018.07.015,0.000738867739427899
371,10.1016/j.media.2021.101997,0.000738867739427899
372,10.1017/jfm.2018.872,0.000738867739427899
373,10.1115/1.4044097,0.000738867739427899
374,10.1109/IJCNN.2017.7966140,0.000738867739427899
375,10.1016/j.cpc.2019.06.007,0.000738867739427899
376,10.1145/3301278,0.000738867739427899
377,10.1021/acs.molpharmaceut.8b00816,0.000738867739427899
378,10.1109/TCST.2018.2886159,0.000738867739427899
379,10.1109/IJCNN48605.2020.9207297,0.000738867739427899
380,10.1145/3374664.3375736,0.000738867739427899
381,10.1109/TPAMI.2020.2970410,0.000738867739427899
382,10.1109/TPAMI.2020.2981604,0.000738867739427899
383,10.1109/TSP.2019.2937282,0.000738867739427899
384,10.1109/TSP.2019.2905826,0.000738867739427899
385,10.1109/LRA.2019.2931179,0.000738867739427899
386,10.1016/j.bspc.2020.102037,0.000738867739427899
387,10.1007/978-3-030-20518-8_26,0.000738867739427899
388,10.1007/s11128-020-02661-1,0.000738867739427899
389,10.1016/j.media.2019.101552,0.000738867739427899
390,10.1016/j.neucom.2016.11.085,0.000738867739427899
391,10.1016/j.neucom.2019.10.008,0.000738867739427899
392,10.1007/978-3-030-32304-2_15,0.000738867739427899
393,10.4208/cicp.OA-2020-0085,0.000738867739427899
394,10.1073/pnas.1820657116,0.000738867739427899
395,10.1093/jamia/ocz085,0.000738867739427899
396,10.24963/ijcai.2020/375,0.000738867739427899
397,10.1073/pnas.1821458116,0.000738867739427899
398,10.1109/ICECAI62591.2024.10674884,0.000738867739427899
399,10.1029/2018WR024638,0.000738867739427899
400,10.1016/j.ins.2018.10.052,0.000738867739427899
401,10.1162/tacl_a_00288,0.000738867739427899
402,10.1007/s10618-019-00619-1,0.000738867739427899
403,10.1002/minf.202000212,0.000738867739427899
404,10.1016/j.jcp.2019.05.024,0.000738867739427899
405,10.13140/RG.2.2.21979.62244,0.000738867739427899
406,10.1016/j.ins.2018.11.057,0.000738867739427899
407,10.1145/3403572,0.000738867739427899
408,10.1109/ICASSP.2019.8682713,0.000738867739427899
409,10.3390/make1010016,0.000738867739427899
410,10.1093/mnras/stz915,0.000738867739427899
411,10.1109/COMST.2021.3053615,0.000738867739427899
412,10.3390/make2010004,0.000738867739427899
413,10.1007/978-3-319-98131-4_4,0.000738867739427899
414,10.13140/RG.2.2.32101.65765,0.000738867739427899
415,10.1016/j.artmed.2019.101758,0.000738867739427899
416,10.1111/coin.12277,0.000738867739427899
417,10.1109/IJCNN52387.2021.9534228,0.000738867739427899
418,10.3390/e21121236,0.000738867739427899
419,10.6092/polito/porto/2709436,0.000738867739427899
420,10.1073/pnas.1905688116,0.000738867739427899
421,10.1145/3465416.3483305,0.000738867739427899
422,10.1504/IJOGCT.2021.10035081,0.000738867739427899
423,10.1007/978-3-030-55304-3_14,0.000738867739427899
424,10.1109/BigData52589.2021.9671861,0.000738867739427899
425,10.1109/TSP.2020.2977458,0.000738867739427899
426,10.1108/IMDS-02-2018-0072,0.000738867739427899
427,10.1007/s10851-019-00915-x,0.000738867739427899
428,10.1007/s11063-021-10490-1,0.000738867739427899
429,10.1016/j.eswa.2020.113680,0.000738867739427899
430,10.1109/TCI.2020.3006718,0.000738867739427899
431,10.1109/ACCESS.2019.2925569,0.000738867739427899
432,10.1088/2632-2153/aba947,0.000738867739427899
433,10.1109/IROS40897.2019.8967820,0.000738867739427899
434,10.1073/pnas.1907378117,0.000738867739427899
435,10.1093/comnet/cnz043,0.000738867739427899
436,10.1109/TETCI.2023.3268707,0.000738867739427899
437,10.1109/LSP.2019.2913022,0.000738867739427899
438,10.1016/j.asoc.2020.106432,0.000738867739427899
439,10.1109/TBME.2019.2908099,0.000738867739427899
440,10.13140/RG.2.2.10091.59687,0.000738867739427899
441,10.1007/s41109-019-0232-2,0.000738867739427899
442,10.1117/1.AP.1.4.046001,0.000738867739427899
443,10.1109/TGRS.2019.2951433,0.000738867739427899
444,10.1007/s10994-022-06266-w,0.000738867739427899
445,10.3390/designs1010007,0.000738867739427899
446,10.1145/3351095.3372828,0.000738867739427899
447,10.1109/TVCG.2019.2934251,0.000738867739427899
448,10.1016/j.neunet.2022.03.022,0.000738867739427899
449,10.1145/3357384.3357902,0.000738867739427899
450,10.1073/pnas.1914370116,0.000738867739427899
451,10.1109/TASLP.2021.3104193,0.000738867739427899
452,10.1145/3292500.3330964,0.000738867739427899
453,10.1613/jair.1.12904,0.000738867739427899
454,10.1109/IJCNN.2019.8851839,0.000738867739427899
455,10.1016/j.orl.2019.12.003,0.000738867739427899
456,10.18653/v1/W19-8630,0.000738867739427899
457,10.1109/TVCG.2020.3012063,0.000738867739427899
458,10.1109/SSCI44817.2019.9002694,0.000738867739427899
459,10.1007/s00521-018-3464-7,0.000738867739427899
460,10.36001/ijphm.2019.v10i4.2613,0.000738867739427899
461,10.1109/TIP.2020.3013166,0.000738867739427899
462,10.1145/3357713.3384314,0.000738867739427899
463,10.1145/3370082,0.000738867739427899
464,10.1145/3357384.3357974,0.000738867739427899
465,10.1145/3387514.3405859,0.000738867739427899
466,10.3390/e22010007,0.000738867739427899
467,10.1016/j.physa.2020.125517,0.000738867739427899
468,10.1145/3359313,0.000738867739427899
469,10.1109/ICCVW.2019.00317,0.000738867739427899
470,10.1145/3366423.3380018,0.000738867739427899
471,10.1145/3298689.3347006,0.000738867739427899
472,10.1073/pnas.1913995117,0.000738867739427899
473,10.1109/TNNLS.2019.2955597,0.000738867739427899
474,10.1145/3356471.3365243,0.000738867739427899
475,10.1016/j.ijheatmasstransfer.2022.122919,0.000738867739427899
476,10.1016/j.ijggc.2020.103223,0.000738867739427899
477,10.1109/TNNLS.2020.3027314,0.000738867739427899
478,10.1109/WPNC47567.2019.8970177,0.000738867739427899
479,10.1089/big.2019.0169,0.000738867739427899
480,10.1016/j.neucom.2019.08.007,0.000738867739427899
481,10.1609/aaai.v34i05.6328,0.000738867739427899
482,10.1109/TNNLS.2020.2985720,0.000738867739427899
483,10.1038/s41557-020-0544-y,0.000738867739427899
484,10.1038/s42005-020-00444-9,0.000738867739427899
485,10.1016/j.ins.2019.10.017,0.000738867739427899
486,10.1007/s40300-019-00155-4,0.000738867739427899
487,10.1109/LICS.2019.8785811,0.000738867739427899
488,10.1109/GCWkshps45667.2019.9024679,0.000738867739427899
489,10.1007/978-3-030-28954-6_1,0.000738867739427899
490,10.1109/TNNLS.2020.3044364,0.000738867739427899
491,10.1016/j.comcom.2022.09.029,0.000738867739427899
492,10.1109/ACCESS.2020.3041470,0.000738867739427899
493,10.21437/Interspeech.2019-1582,0.000738867739427899
494,10.1088/2632-2153/ac9ae8,0.000738867739427899
495,10.1016/j.cmpb.2021.106225,0.000738867739427899
496,10.1080/15472450.2020.1780922,0.000738867739427899
497,10.1016/j.physa.2020.125581,0.000738867739427899
498,10.1109/JBHI.2021.3049452,0.000738867739427899
499,10.1109/LWC.2020.2993699,0.000738867739427899
500,10.1145/3474121,0.000738867739427899
501,10.1007/978-3-030-27272-2_41,0.000738867739427899
502,10.1063/1.5142089,0.000738867739427899
503,10.1109/JSEN.2020.2991741,0.000738867739427899
504,10.1145/3358960.3379143,0.000738867739427899
505,10.1007/s11257-020-09277-1,0.000738867739427899
506,10.1007/978-3-030-72113-8_4,0.000738867739427899
507,10.1007/978-3-030-64610-3_40,0.000738867739427899
508,10.1145/3377930.3390154,0.000738867739427899
509,10.1109/ACCESS.2020.3027497,0.000738867739427899
510,10.24963/ijcai.2021/293,0.000738867739427899
511,10.14722/ndss.2020.23005,0.000738867739427899
512,10.1016/j.cviu.2020.103103,0.000738867739427899
513,10.1007/978-3-030-30493-5_44,0.000738867739427899
514,10.1007/s13218-020-00637-y,0.000738867739427899
515,10.1016/j.compmedimag.2020.101721,0.000738867739427899
516,10.1109/TIP.2021.3118984,0.000738867739427899
517,10.1088/2632-2153/ac3ffa,0.000738867739427899
518,10.1016/j.neucom.2022.04.005,0.000738867739427899
519,10.1145/3441452,0.000738867739427899
520,10.1109/BigData.2018.8621927,0.000738867739427899
521,10.1109/TSP.2022.3153135,0.000738867739427899
522,10.1016/j.ymeth.2020.06.016,0.000738867739427899
523,10.1109/TIM.2021.3116309,0.000738867739427899
524,10.1016/j.neucom.2021.04.134,0.000738867739427899
525,10.1038/s41467-020-17835-9,0.000738867739427899
526,10.5506/APhysPolB.51.1673,0.000738867739427899
527,10.1109/FG47880.2020.00101,0.000738867739427899
528,10.1186/s40537-020-00361-2,0.000738867739427899
529,10.1007/978-3-319-62392-4_16,0.000738867739427899
530,10.3390/e22101081,0.000738867739427899
531,10.1109/TVCG.2020.3030352,0.000738867739427899
532,10.1145/3383583.3398534,0.000738867739427899
533,10.1038/s41524-022-00721-x,0.000738867739427899
534,10.1145/3503222.3507726,0.000738867739427899
535,10.1145/3308560.3317587,0.000738867739427899
536,10.1109/TNNLS.2021.3056046,0.000738867739427899
537,10.1016/j.neunet.2020.02.006,0.000738867739427899
538,10.1109/TKDE.2020.3014089,0.000738867739427899
539,10.1007/s10994-021-05981-0,0.000738867739427899
540,10.1016/j.simpat.2019.102063,0.000738867739427899
541,10.1016/j.cma.2020.113547,0.000738867739427899
542,10.1051/0004-6361/202038314,0.000738867739427899
543,10.1007/s11045-020-00756-7,0.000738867739427899
544,10.1088/2632-2153/aba6f3,0.000738867739427899
545,10.1103/PhysRevResearch.3.023153,0.000738867739427899
546,10.1088/1475-7516/2021/03/012,0.000738867739427899
547,10.1109/TPAMI.2020.3045007,0.000738867739427899
548,10.1016/j.asoc.2020.106193,0.000738867739427899
549,10.1109/TITS.2019.2912075,0.000738867739427899
550,10.1109/SSCI47803.2020.9308359,0.000738867739427899
551,10.1109/WCNC49053.2021.9417575,0.000738867739427899
552,10.1051/epjconf/202024502019,0.000738867739427899
553,10.1109/TPAMI.2021.3055564,0.000738867739427899
554,10.1109/TPAMI.2022.3170249,0.000738867739427899
555,10.1109/SMARTCOMP50058.2020.00065,0.000738867739427899
556,10.1613/jair.1.12162,0.000738867739427899
557,10.1016/j.imu.2020.100378,0.000738867739427899
558,10.1109/ACCESS.2021.3098004,0.000738867739427899
559,10.1109/TNNLS.2020.3041185,0.000738867739427899
560,10.3390/e22101105,0.000738867739427899
561,10.1109/TIP.2021.3108907,0.000738867739427899
562,10.18653/v1/2020.acl-main.658,0.000738867739427899
563,10.1007/978-3-030-59719-1_55,0.000738867739427899
564,10.1007/s42600-021-00151-6,0.000738867739427899
565,10.1109/ACCESS.2020.3010287,0.000738867739427899
566,10.1016/j.cmpb.2021.106236,0.000738867739427899
567,10.1007/s10044-021-00984-y,0.000738867739427899
568,10.1145/3533382,0.000738867739427899
569,10.1007/s10489-023-04921-w,0.000738867739427899
570,10.1007/978-3-030-63820-7_21,0.000738867739427899
571,10.23919/JCC.2020.09.009,0.000738867739427899
572,10.1109/TAI.2022.3185179,0.000738867739427899
573,10.1007/s10489-020-01776-3,0.000738867739427899
574,10.1007/978-3-030-60276-5_4,0.000738867739427899
575,10.1109/TIT.2021.3111480,0.000738867739427899
576,10.1016/j.neunet.2021.02.025,0.000738867739427899
577,10.1016/j.cma.2021.114012,0.000738867739427899
578,10.1145/3397271.3401116,0.000738867739427899
579,10.1016/j.cageo.2020.104676,0.000738867739427899
580,10.1007/978-3-030-53518-6_15,0.000738867739427899
581,10.1109/ICPR48806.2021.9412695,0.000738867739427899
582,10.1162/neco_a_01364,0.000738867739427899
583,10.1145/3395352.3402624,0.000738867739427899
584,10.1016/j.jcp.2021.110525,0.000738867739427899
585,10.1109/MICRO50266.2020.00071,0.000738867739427899
586,10.1111/2041-210X.13650,0.000738867739427899
587,10.1145/3394486.3403076,0.000738867739427899
588,10.1016/j.sca.2023.100032,0.000738867739427899
589,10.1145/3343413.3378009,0.000738867739427899
590,10.1007/978-3-030-00934-2_56,0.000738867739427899
591,10.1016/j.cma.2020.113377,0.000738867739427899
592,10.1109/TPAMI.2021.3115452,0.000738867739427899
593,10.1016/j.knosys.2021.107470,0.000738867739427899
594,10.1016/j.neunet.2021.03.017,0.000738867739427899
595,10.1109/TNNLS.2021.3069970,0.000738867739427899
596,10.1145/3394171.3414536,0.000738867739427899
597,10.1007/s10710-021-09401-z,0.000738867739427899
598,10.1145/3340531.3411872,0.000738867739427899
599,10.1145/3394486.3403125,0.000738867739427899
600,10.3390/info11060318,0.000738867739427899
601,10.1109/ITSC.2019.8917520,0.000738867739427899
602,10.1109/MSP.2020.3004124,0.000738867739427899
603,10.1080/10447318.2021.1883883,0.000738867739427899
604,10.1109/TKDE.2021.3090866,0.000738867739427899
605,10.1145/3407023.3409190,0.000738867739427899
606,10.1109/MCI.2022.3155327,0.000738867739427899
607,10.1109/VLSID49098.2020.00044,0.000738867739427899
608,10.1115/1.4049805,0.000738867739427899
609,10.24963/ijcai.2021/290,0.000738867739427899
610,10.1007/s40745-021-00326-z,0.000738867739427899
611,10.1145/3406971.3406985,0.000738867739427899
612,10.1016/j.chaos.2020.110027,0.000738867739427899
613,10.1109/ICTAI52525.2021.00136,0.000738867739427899
614,10.1038/s42256-021-00307-0,0.000738867739427899
615,10.1109/TNNLS.2021.3100902,0.000738867739427899
616,10.1007/s41060-021-00265-1,0.000738867739427899
617,10.1007/s10618-020-00727-3,0.000738867739427899
618,10.1109/TPAMI.2020.3014218,0.000738867739427899
619,10.1145/3308558.3313733,0.000738867739427899
620,10.1109/SSCI47803.2020.9308512,0.000738867739427899
621,10.3390/app9224748,0.000738867739427899
622,10.1515/nanoph-2020-0407,0.000738867739427899
623,10.1016/j.infsof.2021.106552,0.000738867739427899
624,10.1109/ACCESS.2022.3185095,0.000738867739427899
625,10.1109/TCAD.2018.2859248,0.000738867739427899
626,10.1109/TPAMI.2021.3108223,0.000738867739427899
627,10.1016/j.patrec.2020.09.024,0.000738867739427899
628,10.1109/TNNLS.2020.3017863,0.000738867739427899
629,10.1073/pnas.2022038118,0.000738867739427899
630,10.1115/1.4044507,0.000730380758743394
631,10.1109/TIP.2017.2761545,0.000713406797374385
632,10.1007/s00521-015-2042-5,0.000713406797374385
633,10.1109/TMI.2017.2650960,0.000713406797374385
634,10.1016/j.inffus.2017.02.010,0.000698978871118549
635,10.1109/IJCNN.2017.7966355,0.000698978871118549
636,10.1109/PRIA.2019.8786013,0.000694587843298612
637,10.1016/j.eswa.2019.03.040,0.000694587843298612
638,10.1186/s41546-020-00047-w,0.000690067526626775
639,10.1109/BigData.2017.8258344,0.000682287769710904
640,10.1109/RAM.2017.7889786,0.000682287769710904
641,10.1109/ITA.2018.8502950,0.000675708740248254
642,10.1109/ACSSC.2017.8335713,0.000675708740248254
643,10.1137/130946782,0.000657769792682237
644,10.1109/LSP.2017.2723472,0.000647353507240754
645,10.1109/JSTSP.2018.2876604,0.000647353507240754
646,10.1109/TSP.2017.2749215,0.000647353507240754
647,10.7566/JPSJ.84.034003,0.000641267313825651
648,10.1145/3079628.3079698,0.000609576312387056
649,10.1007/s13218-012-0207-2,0.000609299617639808
650,10.1007/s11634-011-0096-5,0.000599044503668495
651,10.1007/978-3-319-02999-3_2,0.000599044503668495
652,10.1007/978-3-319-69179-4_26,0.000585158826621078
653,10.1007/978-3-319-71078-5_2,0.000585158826621078
654,10.1016/j.neucom.2009.11.022,0.000569127830276915
655,10.1007/s10462-012-9346-y,0.000569127830276915
656,10.7566/JPSJ.84.024801,0.000569127830276915
657,10.1016/j.neucom.2015.06.065,0.000569127830276915
658,10.1109/TNNLS.2016.2644268,0.000569127830276915
659,10.1109/ITW.2016.7606837,0.000569127830276915
660,10.1109/SSCI.2016.7849948,0.000569127830276915
661,10.1088/1742-5468/aa6ddc,0.000569127830276915
662,10.1109/YSF.2017.8126654,0.000569127830276915
663,10.1109/TSP.2014.2385655,0.000569127830276915
664,10.1016/j.eswa.2017.12.022,0.000569127830276915
665,10.1109/SMC.2018.00682,0.000569127830276915
666,10.1038/s41598-019-40554-1,0.000569127830276915
667,10.1088/2632-2153/abc609,0.000569127830276915
668,10.1016/j.jcp.2019.06.042,0.000569127830276915
669,10.1109/TITS.2018.2817879,0.000569127830276915
670,10.1093/nsr/nwz190,0.000569127830276915
671,10.1109/TIP.2015.2421309,0.000569127830276915
672,10.1145/2020408.2020589,0.000569127830276915
673,10.1109/ICMIM.2019.8726801,0.000569127830276915
674,10.1016/j.jcp.2019.109119,0.000569127830276915
675,10.3389/fpls.2020.01120,0.000569127830276915
676,10.1109/ICPR48806.2021.9412478,0.000569127830276915
677,10.1016/j.robot.2021.104019,0.000569127830276915
678,10.1007/978-3-642-13312-1_46,0.000569127830276915
679,10.1016/j.neucom.2013.02.024,0.000569127830276915
680,10.1007/978-3-642-33460-3_51,0.000569127830276915
681,10.1109/ICMLA.2013.72,0.000569127830276915
682,10.1109/TPAMI.2014.2315792,0.000569127830276915
683,10.1007/s10472-015-9470-x,0.000569127830276915
684,10.3233/978-1-61499-096-3-180,0.000569127830276915
685,10.1007/s10817-015-9330-8,0.000569127830276915
686,10.1007/s10817-014-9303-3,0.000569127830276915
687,10.1162/neco_a_01100,0.000569127830276915
688,10.1162/neco_a_00982,0.000569127830276915
689,10.1007/s00500-013-1044-4,0.000569127830276915
690,10.1145/2001858.2001952,0.000569127830276915
691,10.1016/j.patcog.2015.01.004,0.000569127830276915
692,10.1109/CVPR.2015.7298942,0.000569127830276915
693,10.1109/TIP.2015.2401511,0.000569127830276915
694,10.1109/TCIAIG.2017.2679115,0.000569127830276915
695,10.1007/s10458-011-9181-6,0.000569127830276915
696,10.1109/TSP.2017.2777407,0.000569127830276915
697,10.1016/j.jocs.2018.04.003,0.000569127830276915
698,10.1109/CIBCB.2016.7758109,0.000569127830276915
699,10.1145/3309541,0.000569127830276915
700,10.1145/3136625,0.000569127830276915
701,10.1109/TPAMI.2019.2903505,0.000569127830276915
702,10.1016/j.neunet.2016.08.007,0.000569127830276915
703,10.1109/JIOT.2018.2839563,0.000569127830276915
704,10.1109/TSP.2017.2750109,0.000569127830276915
705,10.1109/THMS.2016.2608931,0.000569127830276915
706,10.1109/TFUZZ.2016.2633379,0.000569127830276915
707,10.1109/TASL.2013.2270369,0.000569127830276915
708,10.18653/v1/W17-2802,0.000569127830276915
709,10.18653/v1/W17-2001,0.000569127830276915
710,10.1103/PhysRevB.98.085402,0.000569127830276915
711,10.1109/ELNANO.2018.8477564,0.000569127830276915
712,10.1007/978-3-319-91008-6_63,0.000569127830276915
713,10.1103/PhysRevLett.121.260601,0.000569127830276915
714,10.1109/TNNLS.2021.3088685,0.000569127830276915
715,10.3390/e21100976,0.000569127830276915
716,10.1109/devlrn.2015.7346130,0.000569127830276915
717,10.1007/s10514-013-9339-y,0.000569127830276915
718,10.1016/j.neunet.2019.07.011,0.000569127830276915
719,10.1162/neco_a_01195,0.000569127830276915
720,10.1038/s41591-019-0539-7,0.000569127830276915
721,10.1038/s41467-019-13922-8,0.000569127830276915
722,10.1109/TAC.2022.3159453,0.000569127830276915
723,10.1109/TAC.2021.3112851,0.000569127830276915
724,10.1145/3292500.3330900,0.000569127830276915
725,10.1145/3292500.3330922,0.000569127830276915
726,10.1109/IVS.2019.8813773,0.000569127830276915
727,10.1109/TMI.2020.2974858,0.000569127830276915
728,10.20944/preprints201905.0124.v3,0.000569127830276915
729,10.3390/infrastructures4020026,0.000569127830276915
730,10.1145/3397271.3401253,0.000569127830276915
731,10.1007/s00521-021-05924-9,0.000569127830276915
732,10.1109/TNNLS.2021.3104646,0.000569127830276915
733,10.1007/s11280-021-00878-3,0.000569127830276915
734,10.1016/j.compeleceng.2019.08.006,0.000569127830276915
735,10.1109/SPIN.2019.8711745,0.000569127830276915
736,10.1109/TCAD.2020.3013049,0.000569127830276915
737,10.1145/3445814.3446747,0.000569127830276915
738,10.1007/978-3-030-64556-4_26,0.000569127830276915
739,10.1109/CIBCB48159.2020.9277638,0.000569127830276915
740,10.1109/AI4G50087.2020.9311073,0.000569127830276915
741,10.1109/IJCNN52387.2021.9533412,0.000569127830276915
742,10.3390/data7010010,0.000569127830276915
743,10.3390/e23081045,0.000569127830276915
744,10.1109/TPAMI.2020.3010953,0.000569127830276915
745,10.1109/TNSM.2020.3014929,0.000569127830276915
746,10.1016/j.neucom.2020.07.061,0.000569127830276915
747,10.1007/s10898-015-0350-z,0.000544609853248248
748,10.1137/130940670,0.000512547860559922
749,10.1109/TWC.2017.2647946,0.000512547860559922
750,10.1145/1569901.1570100,0.000512547860559922
751,10.1007/s10710-010-9103-4,0.000512547860559922
752,10.1109/TNNLS.2020.2978523,0.000512547860559922
753,10.1007/978-3-319-07695-9_1,0.000512547860559922
754,10.1007/978-3-642-01805-3_6,0.000512547860559922
755,10.1109/ICASSP.2014.6854993,0.000512547860559922
756,10.1109/TPAMI.2013.226,0.000512547860559922
757,10.1109/TWC.2016.2636139,0.000512547860559922
758,10.1088/1742-5468/ab43d2,0.000512547860559922
759,10.1002/cpa.22074,0.000512547860559922
760,10.1109/IJCNN48605.2020.9207550,0.000512547860559922
761,10.1109/JSEN.2021.3076767,0.000512547860559922
762,10.1145/3449301.3449778,0.000512547860559922
763,10.1016/j.media.2020.101824,0.000512547860559922
764,10.1007/s10489-018-1341-9,0.000498685772411172
765,10.1016/j.neucom.2009.12.023,0.000484257875701425
766,10.1137/140952314,0.000484257875701425
767,10.1137/19M125649X,0.000484257875701425
768,10.1613/jair.3640,0.000484257875701425
769,10.1007/978-3-642-23291-6_28,0.000484257875701425
770,10.1613/jair.2934,0.000484257875701425
771,10.1214/09-AOAS321,0.000484257875701425
772,10.1145/2732587.2732600,0.000484257875701425
773,10.1016/j.neucom.2013.04.003,0.000484257875701425
774,10.1016/j.jcp.2019.03.039,0.000484257875701425
775,10.1007/s10596-019-09850-7,0.000484257875701425
776,10.1016/j.jcp.2018.04.018,0.000484257875701425
777,10.1090/memo/1410,0.000484257875701425
778,10.1016/j.patcog.2014.12.003,0.000467283884786327
779,10.1109/ICPR.2014.221,0.000467283884786327
780,10.1109/DSAA.2017.43,0.000455967890842929
781,10.1007/978-3-319-70096-0_49,0.000455967890842929
782,10.1109/TSP.2008.920143,0.000399387921125936
783,10.1143/JPSJ.76.114001,0.000399387921125936
784,10.1016/j.neunet.2006.05.002,0.000399387921125936
785,10.1016/j.chemolab.2006.06.007,0.000399387921125936
786,10.1016/j.neucom.2006.11.019,0.000399387921125936
787,10.1007/978-3-642-13800-3_7,0.000399387921125936
788,10.1186/gb-2008-9-s2-s11,0.000399387921125936
789,10.1109/TNN.2010.2095882,0.000399387921125936
790,10.1613/jair.2693,0.000399387921125936
791,10.1109/TPAMI.2010.47,0.000399387921125936
792,10.1075/is.12.1.05fon,0.000399387921125936
793,10.1016/j.physa.2009.08.030,0.000399387921125936
794,10.1007/s10994-008-5093-3,0.000399387921125936
795,10.1587/transfun.E93.A.617,0.000399387921125936
796,10.1109/TIP.2009.2035228,0.000399387921125936
797,10.1017/S1473550409990358,0.000399387921125936
798,10.1109/TIT.2012.2201375,0.000399387921125936
799,10.1088/1742-5468/2010/08/P08014,0.000399387921125936
800,10.1109/TSP.2011.2171953,0.000399387921125936
801,10.1109/TSMCB.2011.2163392,0.000399387921125936
802,10.1016/j.specom.2013.01.005,0.000399387921125936
803,10.1109/TPAMI.2012.172,0.000399387921125936
804,10.1109/TSP.2011.2168521,0.000399387921125936
805,10.1103/PhysRevLett.106.090601,0.000399387921125936
806,10.1109/TPAMI.2012.266,0.000399387921125936
807,10.1007/s10208-012-9129-5,0.000399387921125936
808,10.1109/TSP.2012.2196696,0.000399387921125936
809,10.1109/MCOM.2011.5978427,0.000399387921125936
810,10.1007/978-3-642-20161-5_41,0.000399387921125936
811,10.1214/12-AOS1009,0.000399387921125936
812,10.1007/s10817-013-9286-5,0.000399387921125936
813,10.1103/PhysRevE.85.041145,0.000399387921125936
814,10.1109/TPAMI.2012.185,0.000399387921125936
815,10.1214/12-AOS994,0.000399387921125936
816,10.1007/s11263-012-0602-z,0.000399387921125936
817,10.1016/j.patcog.2012.09.027,0.000399387921125936
818,10.1109/TIT.2013.2255021,0.000399387921125936
819,10.1117/12.893811,0.000399387921125936
820,10.1109/DEVLRN.2011.6037329,0.000399387921125936
821,10.1109/TPAMI.2014.2313126,0.000399387921125936
822,10.1214/12-AOS1025,0.000399387921125936
823,10.1209/0295-5075/103/28008,0.000399387921125936
824,10.1145/1569901.1570075,0.000399387921125936
825,10.1109/TSP.2013.2250968,0.000399387921125936
826,10.3150/13-BEJ582,0.000399387921125936
827,10.5121/ijaia.2012.3205,0.000399387921125936
828,10.1109/TKDE.2012.131,0.000399387921125936
829,10.1088/1742-5468/2012/12/P12021,0.000399387921125936
830,10.1016/j.sigpro.2014.03.047,0.000399387921125936
831,10.1016/j.patcog.2013.10.006,0.000399387921125936
832,10.1109/TNNLS.2013.2271507,0.000399387921125936
833,10.1109/TSP.2014.2318138,0.000399387921125936
834,10.1137/120900629,0.000399387921125936
835,10.1371/journal.pone.0063400,0.000399387921125936
836,10.1109/TSP.2013.2278516,0.000399387921125936
837,10.1177/0278364913499192,0.000399387921125936
838,10.1145/2487575.2487693,0.000399387921125936
839,10.1109/TSP.2014.2333554,0.000399387921125936
840,10.1016/j.sigpro.2013.06,0.000399387921125936
841,10.1109/TIT.2016.2605122,0.000399387921125936
842,10.1109/CVPR.2013.173,0.000399387921125936
843,10.1109/ICSMC.2012.6377825,0.000399387921125936
844,10.1109/TSP.2013.2279358,0.000399387921125936
845,10.1109/JSTSP.2014.2299517,0.000399387921125936
846,10.3150/12-BEJSP17,0.000399387921125936
847,10.1109/JSTSP.2014.2336611,0.000399387921125936
848,10.5121/ijdkp.2013.3504,0.000399387921125936
849,10.1109/MSP.2013.2250591,0.000399387921125936
850,10.1088/0004-637X/777/2/83,0.000399387921125936
851,10.1109/TASLP.2014.2337842,0.000399387921125936
852,10.1016/j.neunet.2009.06.040,0.000399387921125936
853,10.1613/jair.2530,0.000399387921125936
854,10.1613/jair.2628,0.000399387921125936
855,10.1613/jair.2773,0.000399387921125936
856,10.1007/s10618-015-0417-y,0.000399387921125936
857,10.1109/TSP.2014.2385045,0.000399387921125936
858,10.5120/12065-8172,0.000399387921125936
859,10.1007/978-3-662-44845-8_15,0.000399387921125936
860,10.1109/LSP.2014.2347582,0.000399387921125936
861,10.1007/978-3-642-29347-4_20,0.000399387921125936
862,10.1103/PhysRevE.90.052813,0.000399387921125936
863,10.1016/j.neucom.2014.07.062,0.000399387921125936
864,10.1016/j.ins.2016.01.101,0.000399387921125936
865,10.1109/TSP.2015.2457396,0.000399387921125936
866,10.1086/678977,0.000399387921125936
867,10.1137/140993272,0.000399387921125936
868,10.1016/j.knosys.2015.10.021,0.000399387921125936
869,10.1109/TITB.2011.2171978,0.000399387921125936
870,10.1109/TPAMI.2013.218,0.000399387921125936
871,10.1145/2817946.2817949,0.000399387921125936
872,10.1109/DSAA.2014.7058121,0.000399387921125936
873,10.1007/978-3-642-33460-3_9,0.000399387921125936
874,10.1155/2015/824289,0.000399387921125936
875,10.1016/j.patrec.2011.10.022,0.000399387921125936
876,10.1016/j.neucom.2015.12.110,0.000399387921125936
877,10.1109/ALLERTON.2015.7447163,0.000399387921125936
878,10.1109/TCYB.2015.2508603,0.000399387921125936
879,10.1109/MWC.2016.7498076,0.000399387921125936
880,10.1109/ICASSP.2016.7472872,0.000399387921125936
881,10.1145/2806416.2806506,0.000399387921125936
882,10.1109/TIT.2017.2672725,0.000399387921125936
883,10.1109/TCI.2016.2567299,0.000399387921125936
884,10.1145/2783258.2788600,0.000399387921125936
885,10.1103/PhysRevApplied.6.054005,0.000399387921125936
886,10.14738/tmlai.25.562,0.000399387921125936
887,10.1007/s11128-016-1388-7,0.000399387921125936
888,10.1103/PhysRevA.99.052331,0.000399387921125936
889,10.1109/LSP.2016.2548245,0.000399387921125936
890,10.1109/PRNI.2014.6858551,0.000399387921125936
891,10.1016/j.patcog.2016.09.009,0.000399387921125936
892,10.1109/TSP.2016.2595495,0.000399387921125936
893,10.1371/journal.pcbi.1005070,0.000399387921125936
894,10.1109/ICRA.2016.7487177,0.000399387921125936
895,10.1109/ICASSP.2016.7472767,0.000399387921125936
896,10.1109/ISIT.2016.7541405,0.000399387921125936
897,10.1109/TNNLS.2016.2630802,0.000399387921125936
898,10.1109/ICPHM.2017.7998302,0.000399387921125936
899,10.1109/TSIPN.2016.2613687,0.000399387921125936
900,10.1177/1176934318785167,0.000399387921125936
901,10.1109/access.2016.2556579,0.000399387921125936
902,10.1103/PhysRevA.95.012335,0.000399387921125936
903,10.1109/TNNLS.2016.2608983,0.000399387921125936
904,10.1007/s10994-017-5644-6,0.000399387921125936
905,10.1109/ISIT.2016.7541482,0.000399387921125936
906,10.1109/ISIT.2016.7541479,0.000399387921125936
907,10.1109/ICMLA.2016.0131,0.000399387921125936
908,10.1016/j.cviu.2017.05.007,0.000399387921125936
909,10.1093/bioinformatics/btw433.,0.000399387921125936
910,10.1109/RAM.2018.8463127,0.000399387921125936
911,10.3390/e18120442,0.000399387921125936
912,10.1016/j.jides.2016.11.001,0.000399387921125936
913,10.1016/j.isprsjprs.2015.01.006,0.000399387921125936
914,10.1007/978-3-319-56994-9_18,0.000399387921125936
915,10.3847/2041-8213/aa603d,0.000399387921125936
916,10.4204/EPTCS.215.7,0.000399387921125936
917,10.1109/TASLP.2016.2592698,0.000399387921125936
918,10.1109/ICDMW.2016.0077,0.000399387921125936
919,10.1109/ICPR.2016.7899671,0.000399387921125936
920,10.1103/PhysRevE.94.062310,0.000399387921125936
921,10.1162/NECO_a_00951,0.000399387921125936
922,10.1109/TKDE.2015.2441716,0.000399387921125936
923,10.1016/j.compbiolchem.2016.09.010,0.000399387921125936
924,10.1007/978-3-319-48989-6_10,0.000399387921125936
925,10.1109/ICDM.2016.0054,0.000399387921125936
926,10.1109/JBHI.2017.2679486,0.000399387921125936
927,10.1109/TSP.2017.2708035,0.000399387921125936
928,10.1145/2661829.2662005,0.000399387921125936
929,10.1109/ICASSP.2017.7952992,0.000399387921125936
930,10.1016/j.ins.2019.02.001,0.000399387921125936
931,10.1109/TSP.2017.2679690,0.000399387921125936
932,10.1109/HUMANOIDS.2016.7803249,0.000399387921125936
933,10.1109/TNNLS.2017.2709838,0.000399387921125936
934,10.1088/1742-6596/762/1/012052,0.000399387921125936
935,10.1109/TSMCB.2012.2234108,0.000399387921125936
936,10.1007/978-3-319-63046-5_34,0.000399387921125936
937,10.1016/j.nima.2017.06.020,0.000399387921125936
938,10.1103/PhysRevLett.118.138301,0.000399387921125936
939,10.1109/TSP.2016.2612168,0.000399387921125936
940,10.1145/3025453.3025576,0.000399387921125936
941,10.1103/PhysRevE.96.042156,0.000399387921125936
942,10.1109/TIT.2018.2812824,0.000399387921125936
943,10.1016/j.neucom.2017.04.068,0.000399387921125936
944,10.1109/MLSP.2016.7738895,0.000399387921125936
945,10.1109/TNSRE.2016.2544108,0.000399387921125936
946,10.1137/17M1116787,0.000399387921125936
947,10.7554/eLife.28295,0.000399387921125936
948,10.1007/s10489-017-1012-2,0.000399387921125936
949,10.1109/ICRA.2017.7989186,0.000399387921125936
950,10.1145/3097983.3098123,0.000399387921125936
951,10.1016/j.knosys.2018.09.019,0.000399387921125936
952,10.1109/TSP.2017.2778685,0.000399387921125936
953,10.1016/j.ins.2018.06.007,0.000399387921125936
954,10.1109/BIBM.2016.7822569,0.000399387921125936
955,10.1145/2783258.2783259,0.000399387921125936
956,10.1109/IJCNN.2017.7966389,0.000399387921125936
957,10.1109/STC-CSIT.2017.8098808,0.000399387921125936
958,10.1016/j.patcog.2018.01.017,0.000399387921125936
959,10.1016/j.ins.2017.07.003,0.000399387921125936
960,10.1117/12.2228523,0.000399387921125936
961,10.1109/TNNLS.2019.2945992,0.000399387921125936
962,10.1145/3130800.3130880,0.000399387921125936
963,10.1109/TASL.2013.2243435,0.000399387921125936
964,10.1088/2058-9565/aae22b,0.000399387921125936
965,10.18653/v1/W16-3643,0.000399387921125936
966,10.1109/IoTDI.2018.00025,0.000399387921125936
967,10.1137/17M1153157,0.000399387921125936
968,10.1142/s0129065717500629,0.000399387921125936
969,10.1103/PhysRevLett.120.268103,0.000399387921125936
970,10.1007/978-3-319-68600-4_32,0.000399387921125936
971,10.1088/1742-5468/aab051,0.000399387921125936
972,10.1016/j.jcp.2017.10.034,0.000399387921125936
973,10.1145/1389095.1389382,0.000399387921125936
974,10.7566/JPSJ.87.033001,0.000399387921125936
975,10.1109/LSP.2017.2780983,0.000399387921125936
976,10.1109/CSITSS.2017.8447534,0.000399387921125936
977,10.1109/SKIMA.2017.8294128,0.000399387921125936
978,10.1016/j.neucom.2020.01.011,0.000399387921125936
979,10.1093/bioinformatics/bty401,0.000399387921125936
980,10.1007/s10489-018-1235-x,0.000399387921125936
981,10.1109/ICACI.2018.8377579,0.000399387921125936
982,10.1103/PhysRevE.97.053304,0.000399387921125936
983,10.1109/ACCESS.2019.2912823,0.000399387921125936
984,10.1007/s11162-019-09546-y,0.000399387921125936
985,10.1103/PhysRevA.98.010701,0.000399387921125936
986,10.1109/ICDM.2018.00123,0.000399387921125936
987,10.1016/j.neucom.2017.01.118,0.000399387921125936
988,10.1016/j.neucom.2016.08.158,0.000399387921125936
989,10.1142/S0219749918400129,0.000399387921125936
990,10.1109/IVMSPW.2018.8448694,0.000399387921125936
991,10.1109/TPAMI.2019.2909031,0.000399387921125936
992,10.1109/JPROC.2018.2844126,0.000399387921125936
993,10.1080/00268976.2018.1483535,0.000399387921125936
994,10.1007/s10955-018-2105-y,0.000399387921125936
995,10.1109/TKDE.2017.2775228,0.000399387921125936
996,10.1007/978-3-319-68612-7_40,0.000399387921125936
997,10.1016/j.engappai.2020.103915,0.000399387921125936
998,10.1007/s11128-019-2240-7,0.000399387921125936
999,10.1103/PhysRevA.98.042315,0.000399387921125936
1000,10.1088/1742-5468/ab3281,0.000399387921125936
1001,10.1162/NECO_a_00820,0.000399387921125936
1002,10.1007/978-3-319-57463-9_4,0.000399387921125936
1003,10.1145/3127873,0.000399387921125936
1004,10.1103/PhysRevE.97.052307,0.000399387921125936
1005,10.2478/s13230-013-0110-z,0.000399387921125936
1006,10.1287/trsc.2019.0920,0.000399387921125936
1007,10.1109/IJCNN.2018.8489762,0.000399387921125936
1008,10.3389/fnins.2018.00745,0.000399387921125936
1009,10.6084/m9.figshare.6272342,0.000399387921125936
1010,10.1016/j.knosys.2019.02.019,0.000399387921125936
1011,10.1016/j.probengmech.2019.05.001,0.000399387921125936
1012,10.1109/TNNLS.2013.2283574,0.000399387921125936
1013,10.1007/s10182-020-00378-1,0.000399387921125936
1014,10.1109/TNNLS.2017.2711028,0.000399387921125936
1015,10.1007/978-3-030-11027-7_24,0.000399387921125936
1016,10.1016/j.jcp.2019.01.045,0.000399387921125936
1017,10.1016/j.cad.2019.02.006.,0.000399387921125936
1018,10.1109/SMC.2016.7844417,0.000399387921125936
1019,10.1103/PhysRevD.101.076015,0.000399387921125936
1020,10.1109/SOCC.2017.8226056,0.000399387921125936
1021,10.1016/j.apsb.2018.09.010,0.000399387921125936
1022,10.1109/IROS.2018.8594092,0.000399387921125936
1023,10.1109/TNNLS.2019.2933524,0.000399387921125936
1024,10.1145/3240765.3264699,0.000399387921125936
1025,10.1109/TSG.2018.2878570,0.000399387921125936
1026,10.1145/3308558.3313644,0.000399387921125936
1027,10.22331/q-2020-08-24-310,0.000399387921125936
1028,10.1109/TSP.2018.2864660,0.000399387921125936
1029,10.1109/CEC.2015.7257254,0.000399387921125936
1030,10.1109/TSP.2018.2883025,0.000399387921125936
1031,10.4310/CMS.2021.v19.n5.a1,0.000399387921125936
1032,10.1109/MNET.2019.1800286,0.000399387921125936
1033,10.1016/j.jcp.2019.01.030,0.000399387921125936
1034,10.1109/TNSRE.2019.2896659,0.000399387921125936
1035,10.3390/math9172144,0.000399387921125936
1036,10.22331/q-2021-11-24-587,0.000399387921125936
1037,10.1007/s10916-018-1072-9,0.000399387921125936
1038,10.1038/s41467-019-12490-1,0.000399387921125936
1039,10.1145/2959100.2959171,0.000399387921125936
1040,10.1016/j.robot.2015.01.003,0.000399387921125936
1041,10.1109/ICARCV.2018.8581147,0.000399387921125936
1042,10.2514/1.G003724,0.000399387921125936
1043,10.4310/CMS.2019.v17.n5.a11,0.000399387921125936
1044,10.1109/ACCESS.2019.2891969,0.000399387921125936
1045,10.1038/s41598-019-47148-x,0.000399387921125936
1046,10.1016/j.neunet.2019.06.009,0.000399387921125936
1047,10.1109/ICHI.2019.8904728,0.000399387921125936
1048,10.1145/3237192,0.000399387921125936
1049,10.1088/1742-5468/ab3456,0.000399387921125936
1050,10.1145/3357384.3357925,0.000399387921125936
1051,10.1016/j.jcp.2019.05.008,0.000399387921125936
1052,10.1016/j.ascom.2019.03.004,0.000399387921125936
1053,10.1109/ICECAI62591.2024.10674750,0.000399387921125936
1054,10.1029/2018GL080404,0.000399387921125936
1055,10.1007/s10115-017-1145-y,0.000399387921125936
1056,10.1109/IJCNN.2011.6033350,0.000399387921125936
1057,10.18653/v1/P19-1309,0.000399387921125936
1058,10.1109/FIT.2018.00064,0.000399387921125936
1059,10.1109/BigData.2018.8621990,0.000399387921125936
1060,10.1371/journal.pcbi.1007129,0.000399387921125936
1061,10.1016/j.jcp.2019.05.027,0.000399387921125936
1062,10.1109/ACCESS.2019.2903568,0.000399387921125936
1063,10.1016/j.ins.2018.07.040,0.000399387921125936
1064,10.1145/3203217.3203282,0.000399387921125936
1065,10.1109/ICASSP.2019.8682790,0.000399387921125936
1066,10.1038/s41746-019-0112-2,0.000399387921125936
1067,10.1038/s41377-019-0139-9,0.000399387921125936
1068,10.1016/j.jcp.2019.06.041,0.000399387921125936
1069,10.1561/2200000071,0.000399387921125936
1070,10.1109/BigData.2018.8622151,0.000399387921125936
1071,10.1109/IJCNN.2018.8489690,0.000399387921125936
1072,10.1051/0004-6361/201833800,0.000399387921125936
1073,10.1109/JIOT.2019.2908019,0.000399387921125936
1074,10.3390/make1040060,0.000399387921125936
1075,10.1098/rsfs.2018.0083,0.000399387921125936
1076,10.1007/978-3-319-93034-3_3,0.000399387921125936
1077,10.13140/RG.2.2.18688.89602,0.000399387921125936
1078,10.1016/j.eswa.2018.06.034,0.000399387921125936
1079,10.14569/IJACSA.2019.0100582,0.000399387921125936
1080,10.26502/acbr.50170058,0.000399387921125936
1081,10.1109/TPAMI.2016.2635136,0.000399387921125936
1082,10.1007/s10994-020-05895-3,0.000399387921125936
1083,10.13140/RG.2.2.18890.00965,0.000399387921125936
1084,10.13140/RG.2.2.32311.78245,0.000399387921125936
1085,10.1162/EVCO_a_00118,0.000399387921125936
1086,10.1109/TCYB.2018.2871503,0.000399387921125936
1087,10.1103/PhysRevB.99.155131,0.000399387921125936
1088,10.1007/s10994-019-05864-5,0.000399387921125936
1089,10.3233/IDA-163209,0.000399387921125936
1090,10.1073/pnas.1900654116,0.000399387921125936
1091,10.1016/j.trc.2019.11.022,0.000399387921125936
1092,10.1073/pnas.1901326117,0.000399387921125936
1093,10.1145/3287560.3287572,0.000399387921125936
1094,10.1038/s41598-019-48444-2,0.000399387921125936
1095,10.1504/IJOGCT.2021.10035077,0.000399387921125936
1096,10.3390/s19040974,0.000399387921125936
1097,10.1109/TNNLS.2019.2952029,0.000399387921125936
1098,10.1109/GlobalSIP.2016.7906054,0.000399387921125936
1099,10.1109/CEC.2016.7748347,0.000399387921125936
1100,10.1038/s41467-020-14454-2,0.000399387921125936
1101,10.1007/978-3-030-22368-7_26,0.000399387921125936
1102,10.5220/0007581508300836,0.000399387921125936
1103,10.1002/sam.11461,0.000399387921125936
1104,10.1016/j.sigpro.2020.107486,0.000399387921125936
1105,10.1109/LCSYS.2019.2921158,0.000399387921125936
1106,10.1109/ACCESS.2019.2903130,0.000399387921125936
1107,10.1039/C9ME00039A,0.000399387921125936
1108,10.1109/CDC40024.2019.9029226,0.000399387921125936
1109,10.1137/20M1336072,0.000399387921125936
1110,10.1007/s41109-019-0162-z,0.000399387921125936
1111,10.1016/j.inffus.2017.07.001,0.000399387921125936
1112,10.1109/TSP.2019.2952046,0.000399387921125936
1113,10.1109/ACCESS.2021.3119000,0.000399387921125936
1114,10.1109/MSP.2019.2951469,0.000399387921125936
1115,10.1109/LSP.2019.2906826,0.000399387921125936
1116,10.1007/s41109-019-0195-3,0.000399387921125936
1117,10.1109/TKDE.2021.3079836,0.000399387921125936
1118,10.1109/ACCESS.2019.2916341,0.000399387921125936
1119,10.1109/TNNLS.2013.2238682,0.000399387921125936
1120,10.1007/s11222-020-09946-6,0.000399387921125936
1121,10.1007/s10618-011-0232-z,0.000399387921125936
1122,10.1126/sciadv.aay6946,0.000399387921125936
1123,10.1109/TGRS.2018.2828161,0.000399387921125936
1124,10.1109/IPDPSW.2019.00051,0.000399387921125936
1125,10.1109/TLA.2015.7350026,0.000399387921125936
1126,10.1145/3292500.3330691,0.000399387921125936
1127,10.1016/j.jcp.2020.109338,0.000399387921125936
1128,10.1109/TVCG.2019.2934433,0.000399387921125936
1129,10.1016/j.scico.2020.102450,0.000399387921125936
1130,10.1145/3308558.3314139,0.000399387921125936
1131,10.18653/v1/P19-1191,0.000399387921125936
1132,10.1007/978-3-030-01418-6_48,0.000399387921125936
1133,10.1145/3219819.3219962,0.000399387921125936
1134,10.1109/IVS.2018.8500607,0.000399387921125936
1135,10.3390/e21070627,0.000399387921125936
1136,10.21437/Interspeech.2019-2454,0.000399387921125936
1137,10.1145/3308558.3313446,0.000399387921125936
1138,10.1145/3292500.3330905,0.000399387921125936
1139,10.1609/aaai.v33i01.33014755,0.000399387921125936
1140,10.1109/IJCNN.2018.8489675,0.000399387921125936
1141,10.1117/12.2531198,0.000399387921125936
1142,10.1137/20M1346778,0.000399387921125936
1143,10.5220/0007456306910698,0.000399387921125936
1144,10.1109/TCI.2020.2964201,0.000399387921125936
1145,10.1137/19M1297919,0.000399387921125936
1146,10.1109/TVCG.2019.2934619,0.000399387921125936
1147,10.1109/SSCI.2018.8628811,0.000399387921125936
1148,10.1109/IWOBI.2017.7985525,0.000399387921125936
1149,10.1109/ICPHM.2019.8819383,0.000399387921125936
1150,10.1109/TGRS.2019.2959248,0.000399387921125936
1151,10.1103/PhysRevResearch.2.033199,0.000399387921125936
1152,10.1145/3298689.3347058,0.000399387921125936
1153,10.1007/978-3-030-27615-7_20,0.000399387921125936
1154,10.1145/3314221.3314638,0.000399387921125936
1155,10.3390/e21100924,0.000399387921125936
1156,10.1103/PhysRevLett.123.170602,0.000399387921125936
1157,10.1089/big.2016.0048,0.000399387921125936
1158,10.1007/978-3-030-29888-3_21,0.000399387921125936
1159,10.1145/3328932,0.000399387921125936
1160,10.1109/ICDE.2019.00208,0.000399387921125936
1161,10.1109/ACII.2019.8925507,0.000399387921125936
1162,10.1145/3240323.3240388,0.000399387921125936
1163,10.1088/1361-6420/ab5a21,0.000399387921125936
1164,10.1017/S0956792521000073,0.000399387921125936
1165,10.1007/978-3-030-01424-7_13,0.000399387921125936
1166,10.1109/TVCG.2019.2934614,0.000399387921125936
1167,10.3390/w10111536,0.000399387921125936
1168,10.1063/5.0128446,0.000399387921125936
1169,10.1016/j.jcp.2020.109456,0.000399387921125936
1170,10.1007/978-3-030-33850-3_6,0.000399387921125936
1171,10.1109/IPIN.2019.8911792,0.000399387921125936
1172,10.1145/3397191,0.000399387921125936
1173,10.1016/j.neucom.2018.09.104,0.000399387921125936
1174,10.18653/v1/D19-1272,0.000399387921125936
1175,10.1016/j.ijforecast.2020.06.008,0.000399387921125936
1176,10.1103/PhysRevResearch.2.033429,0.000399387921125936
1177,10.1364/OSAC.2.003438,0.000399387921125936
1178,10.1142/S0219649220400134,0.000399387921125936
1179,10.1561/2200000054,0.000399387921125936
1180,10.4230/LIPIcs.ICDT.2019.24,0.000399387921125936
1181,10.1109/ICCChina.2019.8855868,0.000399387921125936
1182,10.1007/978-3-030-28954-6_11,0.000399387921125936
1183,10.1109/MSP.2019.2935234,0.000399387921125936
1184,10.1109/TC.2020.2994391,0.000399387921125936
1185,10.1109/JSAC.2020.3000405,0.000399387921125936
1186,10.1109/ICMLA.2018.00185,0.000399387921125936
1187,10.1109/TITS.2018.2883823,0.000399387921125936
1188,10.1109/ICASSP40776.2020.9053252,0.000399387921125936
1189,10.1145/3267935.3267946,0.000399387921125936
1190,10.1007/s42484-020-00023-9,0.000399387921125936
1191,10.1016/j.media.2020.101714,0.000399387921125936
1192,10.1049/iet-its.2019.0428,0.000399387921125936
1193,10.1016/j.physd.2020.132636,0.000399387921125936
1194,10.1007/978-3-030-32245-8_4,0.000399387921125936
1195,10.1109/TVT.2019.2951501,0.000399387921125936
1196,10.3389/fbioe.2020.00260,0.000399387921125936
1197,10.1109/embc.2019.8857242,0.000399387921125936
1198,10.1109/TBCAS.2019.2953001,0.000399387921125936
1199,10.1109/RADAR.2019.8835656,0.000399387921125936
1200,10.1109/IPDPS47924.2020.00053,0.000399387921125936
1201,10.1145/3434185,0.000399387921125936
1202,10.1007/978-3-030-45442-5_1,0.000399387921125936
1203,10.3389/fpls.2019.01750,0.000399387921125936
1204,10.1038/s42254-019-0097-4,0.000399387921125936
1205,10.1145/3425501,0.000399387921125936
1206,10.3389/fbioe.2020.00158,0.000399387921125936
1207,10.21468/SciPostPhys.8.4.070,0.000399387921125936
1208,10.1145/3338466.3358922,0.000399387921125936
1209,10.1016/j.imavis.2020.103927,0.000399387921125936
1210,10.1109/IJCNN.2019.8851798,0.000399387921125936
1211,10.1145/3351095.3372870,0.000399387921125936
1212,10.1007/978-3-030-32251-9_65,0.000399387921125936
1213,10.1109/TIP.2020.3021789,0.000399387921125936
1214,10.1073/pnas.1916634117,0.000399387921125936
1215,10.1016/j.artint.2020.103367,0.000399387921125936
1216,10.1109/DSAA.2019.00016,0.000399387921125936
1217,10.1145/3126686.3126735,0.000399387921125936
1218,10.1109/TSP.2020.3012952,0.000399387921125936
1219,10.1109/TIP.2020.3024026,0.000399387921125936
1220,10.1109/TIE.2019.2962438,0.000399387921125936
1221,10.1109/TNNLS.2021.3082568,0.000399387921125936
1222,10.1088/1367-2630/abb64c,0.000399387921125936
1223,10.1088/1751-8121/ab8ff4,0.000399387921125936
1224,10.1109/FG47880.2020.00056,0.000399387921125936
1225,10.1103/PhysRevResearch.2.033075,0.000399387921125936
1226,10.1073/pnas.1907373117,0.000399387921125936
1227,10.1016/j.neucom.2014.08.082,0.000399387921125936
1228,10.3390/e22090999,0.000399387921125936
1229,10.1038/s41567-021-01201-7,0.000399387921125936
1230,10.1109/DEXA.2017.36,0.000399387921125936
1231,10.1109/TVCG.2020.2986996,0.000399387921125936
1232,10.1007/s00799-020-00288-2,0.000399387921125936
1233,10.1021/acs.jpclett.0c00527,0.000399387921125936
1234,10.1145/3387514.3405886,0.000399387921125936
1235,10.1145/3219819.3220056,0.000399387921125936
1236,10.1109/ICASSP40776.2020.9053342,0.000399387921125936
1237,10.1016/j.neuroimage.2019.116132,0.000399387921125936
1238,10.1109/TKDE.2019.2946149,0.000399387921125936
1239,10.1016/j.asoc.2018.10.004,0.000399387921125936
1240,10.1109/TIE.2019.2931220,0.000399387921125936
1241,10.1088/1361-6420/abb447,0.000399387921125936
1242,10.1162/tacl_a_00413,0.000399387921125936
1243,10.1093/mnras/staa642,0.000399387921125936
1244,10.18653/v1/2020.acl-demos.2,0.000399387921125936
1245,10.1109/ICRA.2017.7989556,0.000399387921125936
1246,10.1016/j.imu.2020.100391,0.000399387921125936
1247,10.1016/j.neucom.2021.01.090,0.000399387921125936
1248,10.1109/ICDM.2019.00070,0.000399387921125936
1249,10.1109/LRA.2020.2969932,0.000399387921125936
1250,10.1103/PhysRevA.102.032420,0.000399387921125936
1251,10.1088/1475-7516/2020/07/017,0.000399387921125936
1252,10.3390/app10217524,0.000399387921125936
1253,10.1016/j.jocs.2020.101104,0.000399387921125936
1254,10.1109/TPAMI.2020.3020738,0.000399387921125936
1255,10.1007/s11280-018-0616-8,0.000399387921125936
1256,10.1109/ACCESS.2020.3007123,0.000399387921125936
1257,10.1109/ACCESS.2020.3000893,0.000399387921125936
1258,10.1088/1748-0221/15/05/C05032,0.000399387921125936
1259,10.1109/IJCNN48605.2020.9207459,0.000399387921125936
1260,10.1007/978-3-030-59713-9_62,0.000399387921125936
1261,10.1109/MeMeA49120.2020.9137134,0.000399387921125936
1262,10.3390/app10186448,0.000399387921125936
1263,10.1109/EHB50910.2020.9280115,0.000399387921125936
1264,10.1109/COMPSAC48688.2020.0-226,0.000399387921125936
1265,10.1109/TNNLS.2020.2980041,0.000399387921125936
1266,10.1016/j.patcog.2020.107281,0.000399387921125936
1267,10.1109/IJCNN48605.2020.9207472,0.000399387921125936
1268,10.1007/978-3-030-50516-5_2,0.000399387921125936
1269,10.18653/v1/2020.emnlp-main.618,0.000399387921125936
1270,10.1109/ISBI45749.2020.9098722,0.000399387921125936
1271,10.1109/TKDE.2018.2876857,0.000399387921125936
1272,10.1016/j.cmpb.2020.105532,0.000399387921125936
1273,10.3390/app10093233,0.000399387921125936
1274,10.1007/978-3-030-59728-3_18,0.000399387921125936
1275,10.1016/j.array.2019.100004,0.000399387921125936
1276,10.1007/s10489-020-01900-3,0.000399387921125936
1277,10.1088/2632-2153/ab9803,0.000399387921125936
1278,10.1098/rsta.2020.0209,0.000399387921125936
1279,10.1109/ICICCT.2018.8473301,0.000399387921125936
1280,10.1103/PhysRevB.102.075104,0.000399387921125936
1281,10.1016/j.neunet.2021.01.026,0.000399387921125936
1282,10.1109/IJCNN48605.2020.9206946,0.000399387921125936
1283,10.1109/TMI.2020.2992546,0.000399387921125936
1284,10.1109/MWC.01.1900525,0.000399387921125936
1285,10.1109/TPAMI.2021.3052758,0.000399387921125936
1286,10.1016/j.knosys.2020.105992,0.000399387921125936
1287,10.1109/CISP-BMEI51763.2020.9263564,0.000399387921125936
1288,10.1109/IJCNN48605.2020.9207351,0.000399387921125936
1289,10.1109/JSAIT.2020.3040992,0.000399387921125936
1290,10.24963/ijcai.2020/693,0.000399387921125936
1291,10.1109/EMBC44109.2020.9176279,0.000399387921125936
1292,10.1016/j.cma.2020.113552,0.000399387921125936
1293,10.1137/20M133957X,0.000399387921125936
1294,10.1145/3397271.3401078,0.000399387921125936
1295,10.1007/s10596-020-10015-0,0.000399387921125936
1296,10.1145/3383583.3398529,0.000399387921125936
1297,10.1038/s41551-021-00689-x,0.000399387921125936
1298,10.1109/TITS.2020.3043250,0.000399387921125936
1299,10.1016/j.neunet.2022.06.013,0.000399387921125936
1300,10.1109/TCYB.2015.2415032,0.000399387921125936
1301,10.1109/PIMRC48278.2020.9217343,0.000399387921125936
1302,10.1016/j.cma.2020.113620,0.000399387921125936
1303,10.18653/v1/2020.acl-main.686,0.000399387921125936
1304,10.1080/13658816.2017.1346255,0.000399387921125936
1305,10.1109/TPAMI.2021.3134200,0.000399387921125936
1306,10.1016/j.eswa.2021.115102,0.000399387921125936
1307,10.1117/12.2566332,0.000399387921125936
1308,10.1145/3357384.3358047,0.000399387921125936
1309,10.1007/978-3-319-59050-9_18,0.000399387921125936
1310,10.1115/1.4048629,0.000399387921125936
1311,10.1145/3394486.3403085,0.000399387921125936
1312,10.1016/j.eswa.2021.115285,0.000399387921125936
1313,10.1111/j.1365-246X.2006.03227.x,0.000399387921125936
1314,10.1016/j.ins.2020.12.001,0.000399387921125936
1315,10.1088/1742-5468/ac3909,0.000399387921125936
1316,10.3934/fods.2020015,0.000399387921125936
1317,10.3389/frai.2020.00044,0.000399387921125936
1318,10.1109/GLOBECOM42002.2020.9322333,0.000399387921125936
1319,10.1088/1742-5468/ac3a77,0.000399387921125936
1320,10.1145/3394171.3414535,0.000399387921125936
1321,10.9781/ijimai.2020.11.001,0.000399387921125936
1322,10.1109/TAI.2021.3067574,0.000399387921125936
1323,10.1145/3394486.3403276,0.000399387921125936
1324,10.1145/3369816,0.000399387921125936
1325,10.18130/v3-837s-3a79,0.000399387921125936
1326,10.1109/TITS.2018.2817658,0.000399387921125936
1327,10.1088/1742-5468/ac3ae8,0.000399387921125936
1328,10.1145/3383652.3423911,0.000399387921125936
1329,10.1145/3394486.3403168,0.000399387921125936
1330,10.1145/3407023.3407030,0.000399387921125936
1331,10.1007/978-3-030-42553-1_3,0.000399387921125936
1332,10.1007/s42484-020-00036-4,0.000399387921125936
1333,10.1109/VLSID.2019.00056,0.000399387921125936
1334,10.1109/TIFS.2020.3003571,0.000399387921125936
1335,10.1145/3394486.3403296,0.000399387921125936
1336,10.1016/j.compstruct.2021.113957,0.000399387921125936
1337,10.1145/3394486.3403137,0.000399387921125936
1338,10.1016/j.chaos.2021.111260,0.000399387921125936
1339,10.1145/3359566.3360076,0.000399387921125936
1340,10.1016/j.chaos.2020.109853,0.000399387921125936
1341,10.1016/j.ipm.2014.08.007,0.000399387921125936
1342,10.1109/IEEECONF49454.2021.9382621,0.000399387921125936
1343,10.1109/SSCI50451.2021.9659843,0.000399387921125936
1344,10.1109/JBHI.2021.3069169,0.000399387921125936
1345,10.1109/GLOCOM.2018.8647714,0.000399387921125936
1346,10.1145/3411832,0.000399387921125936
1347,10.1038/s41598-021-90446-6,0.000399387921125936
1348,10.1109/DSAA.2017.35,0.000399387921125936
1349,10.1109/BigData50022.2020.9378424,0.000399387921125936
1350,10.1109/TIP.2019.2954176,0.000399387921125936
1351,10.1145/3123266.3123447,0.000399387921125936
1352,10.1007/978-981-13-6661-1_1,0.000399387921125936
1353,10.3390/s19040777,0.000399387921125936
1354,10.1038/s41524-020-00431-2,0.000399387921125936
1355,10.1145/3416506.3423580,0.000399387921125936
1356,10.1109/TPAMI.2021.3054824,0.000399387921125936
1357,10.23919/FPL.2017.8056832,0.000399387921125936
1358,10.1109/JPROC.2021.3052449,0.000399387921125936
1359,10.1145/3341105.3374013,0.000399387921125936
1360,10.1109/IJCNN48605.2020.9206730,0.000399387921125936
1361,10.1073/pnas.2020324118,0.000399387921125936
